{
    "timestamp": "2024-12-12T10:10:06.507Z",
    "channels": {
        "Stable": {
            "channel": "Stable",
            "version": "131.0.6778.108",
            "revision": "1368529",
            "downloads": {
                "chrome": [
                    {
                        "platform": "linux64",
                        "url": "https://storage.googleapis.com/chrome-for-testing-public/131.0.6778.108/linux64/chrome-linux64.zip"
                    },
                    {
                        "platform": "mac-arm64",
                        "url": "https://storage.googleapis.com/chrome-for-testing-public/131.0.6778.108/mac-arm64/chrome-mac-arm64.zip"
                    },
                    {
                        "platform": "mac-x64",
                        "url": "https://storage.googleapis.com/chrome-for-testing-public/131.0.6778.108/mac-x64/chrome-mac-x64.zip"
                    },
                    {
                        "platform": "win32",
                        "url": "https://storage.googleapis.com/chrome-for-testing-public/131.0.6778.108/win32/chrome-win32.zip"
                    },
                    {
                        "platform": "win64",
                        "url": "https://storage.googleapis.com/chrome-for-testing-public/131.0.6778.108/win64/chrome-win64.zip"
                    }
                ],
                "chromedriver": [
                    {
                        "platform": "linux64",
                        "url": "https://storage.googleapis.com/chrome-for-testing-public/131.0.6778.108/linux64/chromedriver-linux64.zip"
                    },
                    {
                        "platform": "mac-arm64",
                        "url": "https://storage.googleapis.com/chrome-for-testing-public/131.0.6778.108/mac-arm64/chromedriver-mac-arm64.zip"
                    },
                    {
                        "platform": "mac-x64",
                        "url": "https://storage.googleapis.com/chrome-for-testing-public/131.0.6778.108/mac-x64/chromedriver-mac-x64.zip"
                    },
                    {
                        "platform": "win32",
                        "url": "https://storage.googleapis.com/chrome-for-testing-public/131.0.6778.108/win32/chromedriver-win32.zip"
                    },
                    {
                        "platform": "win64",
                        "url": "https://storage.googleapis.com/chrome-for-testing-public/131.0.6778.108/win64/chromedriver-win64.zip"
                    }
                ],
                "chrome-headless-shell": [
                    {
                        "platform": "linux64",
                        "url": "https://storage.googleapis.com/chrome-for-testing-public/131.0.6778.108/linux64/chrome-headless-shell-linux64.zip"
                    },
                    {
                        "platform": "mac-arm64",
                        "url": "https://storage.googleapis.com/chrome-for-testing-public/131.0.6778.108/mac-arm64/chrome-headless-shell-mac-arm64.zip"
                    },
                    {
                        "platform": "mac-x64",
                        "url": "https://storage.googleapis.com/chrome-for-testing-public/131.0.6778.108/mac-x64/chrome-headless-shell-mac-x64.zip"
                    },
                    {
                        "platform": "win32",
                        "url": "https://storage.googleapis.com/chrome-for-testing-public/131.0.6778.108/win32/chrome-headless-shell-win32.zip"
                    },
                    {
                        "platform": "win64",
                        "url": "https://storage.googleapis.com/chrome-for-testing-public/131.0.6778.108/win64/chrome-headless-shell-win64.zip"
                    }
                ]
            }
        },
        "Beta": {
            "channel": "Beta",
            "version": "132.0.6834.46",
            "revision": "1381561",
            "downloads": {
                "chrome": [
                    {
                        "platform": "linux64",
                        "url": "https://storage.googleapis.com/chrome-for-testing-public/132.0.6834.46/linux64/chrome-linux64.zip"
                    },
                    {
                        "platform": "mac-arm64",
                        "url": "https://storage.googleapis.com/chrome-for-testing-public/132.0.6834.46/mac-arm64/chrome-mac-arm64.zip"
                    },
                    {
                        "platform": "mac-x64",
                        "url": "https://storage.googleapis.com/chrome-for-testing-public/132.0.6834.46/mac-x64/chrome-mac-x64.zip"
                    },
                    {
                        "platform": "win32",
                        "url": "https://storage.googleapis.com/chrome-for-testing-public/132.0.6834.46/win32/chrome-win32.zip"
                    },
                    {
                        "platform": "win64",
                        "url": "https://storage.googleapis.com/chrome-for-testing-public/132.0.6834.46/win64/chrome-win64.zip"
                    }
                ],
                "chromedriver": [
                    {
                        "platform": "linux64",
                        "url": "https://storage.googleapis.com/chrome-for-testing-public/132.0.6834.46/linux64/chromedriver-linux64.zip"
                    },
                    {
                        "platform": "mac-arm64",
                        "url": "https://storage.googleapis.com/chrome-for-testing-public/132.0.6834.46/mac-arm64/chromedriver-mac-arm64.zip"
                    },
                    {
                        "platform": "mac-x64",
                        "url": "https://storage.googleapis.com/chrome-for-testing-public/132.0.6834.46/mac-x64/chromedriver-mac-x64.zip"
                    },
                    {
                        "platform": "win32",
                        "url": "https://storage.googleapis.com/chrome-for-testing-public/132.0.6834.46/win32/chromedriver-win32.zip"
                    },
                    {
                        "platform": "win64",
                        "url": "https://storage.googleapis.com/chrome-for-testing-public/132.0.6834.46/win64/chromedriver-win64.zip"
                    }
                ],
                "chrome-headless-shell": [
                    {
                        "platform": "linux64",
                        "url": "https://storage.googleapis.com/chrome-for-testing-public/132.0.6834.46/linux64/chrome-headless-shell-linux64.zip"
                    },
                    {
                        "platform": "mac-arm64",
                        "url": "https://storage.googleapis.com/chrome-for-testing-public/132.0.6834.46/mac-arm64/chrome-headless-shell-mac-arm64.zip"
                    },
                    {
                        "platform": "mac-x64",
                        "url": "https://storage.googleapis.com/chrome-for-testing-public/132.0.6834.46/mac-x64/chrome-headless-shell-mac-x64.zip"
                    },
                    {
                        "platform": "win32",
                        "url": "https://storage.googleapis.com/chrome-for-testing-public/132.0.6834.46/win32/chrome-headless-shell-win32.zip"
                    },
                    {
                        "platform": "win64",
                        "url": "https://storage.googleapis.com/chrome-for-testing-public/132.0.6834.46/win64/chrome-headless-shell-win64.zip"
                    }
                ]
            }
        },
        "Dev": {
            "channel": "Dev",
            "version": "133.0.6876.4",
            "revision": "1391421",
            "downloads": {
                "chrome": [
                    {
                        "platform": "linux64",
                        "url": "https://storage.googleapis.com/chrome-for-testing-public/133.0.6876.4/linux64/chrome-linux64.zip"
                    },
                    {
                        "platform": "mac-arm64",
                        "url": "https://storage.googleapis.com/chrome-for-testing-public/133.0.6876.4/mac-arm64/chrome-mac-arm64.zip"
                    },
                    {
                        "platform": "mac-x64",
                        "url": "https://storage.googleapis.com/chrome-for-testing-public/133.0.6876.4/mac-x64/chrome-mac-x64.zip"
                    },
                    {
                        "platform": "win32",
                        "url": "https://storage.googleapis.com/chrome-for-testing-public/133.0.6876.4/win32/chrome-win32.zip"
                    },
                    {
                        "platform": "win64",
                        "url": "https://storage.googleapis.com/chrome-for-testing-public/133.0.6876.4/win64/chrome-win64.zip"
                    }
                ],
                "chromedriver": [
                    {
                        "platform": "linux64",
                        "url": "https://storage.googleapis.com/chrome-for-testing-public/133.0.6876.4/linux64/chromedriver-linux64.zip"
                    },
                    {
                        "platform": "mac-arm64",
                        "url": "https://storage.googleapis.com/chrome-for-testing-public/133.0.6876.4/mac-arm64/chromedriver-mac-arm64.zip"
                    },
                    {
                        "platform": "mac-x64",
                        "url": "https://storage.googleapis.com/chrome-for-testing-public/133.0.6876.4/mac-x64/chromedriver-mac-x64.zip"
                    },
                    {
                        "platform": "win32",
                        "url": "https://storage.googleapis.com/chrome-for-testing-public/133.0.6876.4/win32/chromedriver-win32.zip"
                    },
                    {
                        "platform": "win64",
                        "url": "https://storage.googleapis.com/chrome-for-testing-public/133.0.6876.4/win64/chromedriver-win64.zip"
                    }
                ],
                "chrome-headless-shell": [
                    {
                        "platform": "linux64",
                        "url": "https://storage.googleapis.com/chrome-for-testing-public/133.0.6876.4/linux64/chrome-headless-shell-linux64.zip"
                    },
                    {
                        "platform": "mac-arm64",
                        "url": "https://storage.googleapis.com/chrome-for-testing-public/133.0.6876.4/mac-arm64/chrome-headless-shell-mac-arm64.zip"
                    },
                    {
                        "platform": "mac-x64",
                        "url": "https://storage.googleapis.com/chrome-for-testing-public/133.0.6876.4/mac-x64/chrome-headless-shell-mac-x64.zip"
                    },
                    {
                        "platform": "win32",
                        "url": "https://storage.googleapis.com/chrome-for-testing-public/133.0.6876.4/win32/chrome-headless-shell-win32.zip"
                    },
                    {
                        "platform": "win64",
                        "url": "https://storage.googleapis.com/chrome-for-testing-public/133.0.6876.4/win64/chrome-headless-shell-win64.zip"
                    }
                ]
            }
        },
        "Canary": {
            "channel": "Canary",
            "version": "133.0.6891.0",
            "revision": "1395203",
            "downloads": {
                "chrome": [
                    {
                        "platform": "linux64",
                        "url": "https://storage.googleapis.com/chrome-for-testing-public/133.0.6891.0/linux64/chrome-linux64.zip"
                    },
                    {
                        "platform": "mac-arm64",
                        "url": "https://storage.googleapis.com/chrome-for-testing-public/133.0.6891.0/mac-arm64/chrome-mac-arm64.zip"
                    },
                    {
                        "platform": "mac-x64",
                        "url": "https://storage.googleapis.com/chrome-for-testing-public/133.0.6891.0/mac-x64/chrome-mac-x64.zip"
                    },
                    {
                        "platform": "win32",
                        "url": "https://storage.googleapis.com/chrome-for-testing-public/133.0.6891.0/win32/chrome-win32.zip"
                    },
                    {
                        "platform": "win64",
                        "url": "https://storage.googleapis.com/chrome-for-testing-public/133.0.6891.0/win64/chrome-win64.zip"
                    }
                ],
                "chromedriver": [
                    {
                        "platform": "linux64",
                        "url": "https://storage.googleapis.com/chrome-for-testing-public/133.0.6891.0/linux64/chromedriver-linux64.zip"
                    },
                    {
                        "platform": "mac-arm64",
                        "url": "https://storage.googleapis.com/chrome-for-testing-public/133.0.6891.0/mac-arm64/chromedriver-mac-arm64.zip"
                    },
                    {
                        "platform": "mac-x64",
                        "url": "https://storage.googleapis.com/chrome-for-testing-public/133.0.6891.0/mac-x64/chromedriver-mac-x64.zip"
                    },
                    {
                        "platform": "win32",
                        "url": "https://storage.googleapis.com/chrome-for-testing-public/133.0.6891.0/win32/chromedriver-win32.zip"
                    },
                    {
                        "platform": "win64",
                        "url": "https://storage.googleapis.com/chrome-for-testing-public/133.0.6891.0/win64/chromedriver-win64.zip"
                    }
                ],
                "chrome-headless-shell": [
                    {
                        "platform": "linux64",
                        "url": "https://storage.googleapis.com/chrome-for-testing-public/133.0.6891.0/linux64/chrome-headless-shell-linux64.zip"
                    },
                    {
                        "platform": "mac-arm64",
                        "url": "https://storage.googleapis.com/chrome-for-testing-public/133.0.6891.0/mac-arm64/chrome-headless-shell-mac-arm64.zip"
                    },
                    {
                        "platform": "mac-x64",
                        "url": "https://storage.googleapis.com/chrome-for-testing-public/133.0.6891.0/mac-x64/chrome-headless-shell-mac-x64.zip"
                    },
                    {
                        "platform": "win32",
                        "url": "https://storage.googleapis.com/chrome-for-testing-public/133.0.6891.0/win32/chrome-headless-shell-win32.zip"
                    },
                    {
                        "platform": "win64",
                        "url": "https://storage.googleapis.com/chrome-for-testing-public/133.0.6891.0/win64/chrome-headless-shell-win64.zip"
                    }
                ]
            }
        }
    }
}